baseCost,didSucceed,damage,averageExecuteSeconds,finalCost
10.0,10.0,10.0,50.0,5.0,50.0,50.0,5.0,50.0,50.0,5.0,20.0,20.0,50.0,5.0,50.0,50.0,5.0,50.0,10.0,10.0,10.0,10.0,10.0,10.0,10.0,10.0,10.0,10.0,10.0,10.0,10.0,10.0,10.0,10.0,10.0,10.0,10.0,10.0,10.0,10.0,10.0,10.0,50.0,5.0,10.0,10.0,10.0,50.0,5.0,20.0
1.0,1.0,1.0,0.0,0.0,0.0,0.0,0.0,0.0,0.0,0.0,1.0,1.0,0.0,0.0,0.0,0.0,0.0,0.0,1.0,1.0,1.0,1.0,1.0,1.0,0.0,0.0,0.0,1.0,0.0,1.0,1.0,1.0,1.0,1.0,1.0,1.0,1.0,1.0,1.0,1.0,1.0,1.0,0.0,0.0,0.0,0.0,0.0,0.0,0.0,0.0
100.0,0.0,100.0,40.0,0.0,40.0,40.0,0.0,40.0,40.0,0.0,250.0,150.0,40.0,0.0,40.0,40.0,0.0,40.0,100.0,0.0,100.0,1000000.0,0.0,1000000.0,1000000.0,0.0,1000000.0,1000000.0,0.0,1000000.0,1000000.0,0.0,1000000.0,1000000.0,0.0,1000000.0,100.0,0.0,100.0,100.0,0.0,100.0,0.0,0.0,100.0,0.0,100.0,0.0,0.0,250.0
0.0,3.295006,0.0,0.330373,0.211701,0.330373,0.330373,0.211701,0.330373,0.330373,0.211701,4.243136,1.161289,0.330373,0.211701,0.330373,0.330373,0.211701,0.330373,0.0,2.75775,0.0,0.0,3.05785,0.0,0.0,3.238717,0.0,0.0,3.901477,0.0,0.0,3.990681,0.0,0.0,3.95246,0.0,0.0,4.364598,0.0,0.0,6.487164,0.0,0.0,0.0,0.0,4.536756,0.0,0.0,0.0,2.289472
10.0,10.0,10.0,101.905304,5.0,101.905304,101.905304,5.0,101.905304,101.905304,5.0,41.905304,41.905304,101.905304,5.0,101.905304,101.905304,5.0,101.905304,9.559052,10.104296,9.559052,9.9002,10.026004,9.9002,9.822469,10.206925,9.822469,10.210607,9.798048,10.210607,9.976908,10.085191,9.976908,10.213727,9.846435,10.213727,10.335218,9.775044,10.335218,10.174649,10.089217,10.174649,100.990677,5.103864,9.906616,9.972619,9.906616,103.556839,5.000028,43.556839
